{
  "sdfsd.txt": {
    "created": "2025-08-01 07:50:19",
    "modified": "2025-08-01 07:50:19",
    "tags": [
      "rgdf"
    ]
  },
  "ghg.txt": {
    "created": "2025-08-01 07:52:28",
    "modified": "2025-08-01 07:52:28",
    "tags": [
      "rgdf"
    ]
  },
  "sds.txt": {
    "created": "2025-08-01 10:44:32",
    "modified": "2025-08-01 10:44:32",
    "tags": [
      "dfdf"
    ]
  },
  "test123.txt": {
    "created": "2025-08-01 11:07:34",
    "modified": "2025-08-01 11:07:34",
    "tags": [
      "test"
    ]
  }
}